id;comment;token;value;receiver;created;creator_id;gnosis_safe_id
1;hard;driver Buckinghamshire Regional;3119;experiences;2021-05-08T23:10:09;1;1
2;lavender;Beauty;68056;Comoro Future leverage;2021-05-08T21:01:30;2;2
3;quantifying;Borders Practical;67232;bandwidth Analyst Mountain;2021-05-09T12:36:26;2;3
4;Unbranded;sensor Borders systems;90989;Tuna Shilling Ball;2021-05-09T18:10:34;1;4
5;Gloves;Hungary;58632;Incredible deposit;2021-05-09T11:21:29;2;5
6;wireless Product;Customer;20198;system Wyoming Guinea;2021-05-09T08:58:57;1;6
7;compelling feed;Svalbard Berkshire invoice;17511;orchestrate Account;2021-05-09T03:26:41;1;7
8;Bedfordshire open-source;Union Avon;41994;structure Mills transform;2021-05-09T14:52:59;1;8
9;bleeding-edge Towels IB;migration;99655;benchmark override Sleek;2021-05-08T21:06:47;1;9
10;Organized;copying;42804;Botswana Optimization;2021-05-09T07:57:11;1;10
